CamPos,PlayTime,HookCount,UndoCount,RetryCount
T1,23.129074844820746,6.379310344827586,0.06896551724137931,0.0
T2,13.142865519970655,15.875,0.0,0.0
T3,24.18858880996704,25.72,0.92,0.48
T4,15.640508103370667,28.2,0.0,0.0
T5,64.92469184022201,88.57894736842105,4.052631578947368,0.21052631578947367
LV1,72.52152913808823,82.94444444444444,9.0,0.1111111111111111
A1,43.11303027680046,28.0,0.0,0.0
A2,13.695912080652574,27.470588235294116,0.0,0.0
A3,45.27879382669926,59.4375,2.125,0.625
A4,39.88415493684656,72.41176470588235,1.8823529411764706,0.23529411764705882
A5,36.80087289015452,56.333333333333336,3.6666666666666665,0.8
LE1,9.680930805206298,21.066666666666666,0.0,0.0
LE2,17.191126950581868,27.533333333333335,0.0,0.0
LN1,13.88571543066666,22.53448275862069,0.47413793103448276,0.034482758620689655
LN2,15.885727381540669,14.027777777777779,0.0,0.0
LN3,6.358714750834873,12.571428571428571,0.02040816326530612,0.0
B0,59.26096244958731,27.0,0.6923076923076923,0.07692307692307693
B1,42.645971558988094,75.375,4.5,0.1875
B2,33.47050651907921,59.5625,3.875,0.125
B3,19.658848524093628,28.055555555555557,1.7222222222222223,0.2222222222222222
B4,107.32889770666758,144.53333333333333,1.4,0.8
B5,65.6059158510632,95.94444444444444,4.388888888888889,0.3888888888888889
C0,18.27590298652649,22.875,0.125,0.0
C1,27.765280856026543,53.111111111111114,1.8888888888888888,0.0
C2,39.546701961093476,58.22222222222222,1.2222222222222223,0.2222222222222222
C3,56.259305238723755,96.625,4.5,0.125
C4,67.99628431146795,125.0,6.181818181818182,0.18181818181818182
C5,106.22923987252372,139.57142857142858,16.428571428571427,1.2857142857142858
M1,2.1103283762931824,5.777777777777778,0.0,0.0
M2,1.9719590470194817,6.0625,0.0,0.0
M3,4.673712611198425,16.75,0.0,0.0
M4,46.80976617336273,47.75,0.0,0.0
D0,15.070595741271973,9.142857142857142,0.0,0.0
D1,13.524971753358841,28.0,0.0,0.0
D2,50.833097730364116,69.85714285714286,0.8571428571428571,0.7142857142857143
D3,95.37075339423285,120.11111111111111,7.555555555555555,1.0
D4,304.4367480278015,415.0,44.125,4.75
D5,174.29394585745675,277.0,11.428571428571429,1.5714285714285714
D?,23.920830045427596,47.42857142857143,0.0,0.0
N1,4.371201719556536,4.0,0.0,0.0
N2,1.8369996207101005,4.0,0.0,0.0
N3,23.421913981437683,43.5,0.0,0.0
E1,59.64992809295654,131.14285714285714,4.857142857142857,1.0
E2,328.7594539097377,557.5714285714286,44.857142857142854,3.7142857142857144
E3,260.9949862616403,494.42857142857144,33.285714285714285,4.285714285714286
E4,172.75507140159607,199.75,25.0,3.5
E5,376.2969783782959,584.1,40.9,4.3
F1,9.863824462890625,9.8,0.0,0.0
F2,5.308720524494465,6.923076923076923,0.0,0.0
THEEND,20.38513766635548,3.3636363636363638,0.0,0.0
